                  epoch,         train/box_loss,        train/pose_loss,        train/kobj_loss,         train/cls_loss,         train/dfl_loss,   metrics/precision(B),      metrics/recall(B),       metrics/mAP50(B),    metrics/mAP50-95(B),   metrics/precision(P),      metrics/recall(P),       metrics/mAP50(P),    metrics/mAP50-95(P),           val/box_loss,          val/pose_loss,          val/kobj_loss,           val/cls_loss,           val/dfl_loss,                 lr/pg0,                 lr/pg1,                 lr/pg2
                      1,                0.51058,                0.12362,                 1.3552,                0.36022,                0.99277,                 0.9624,                0.99057,                0.98828,                0.89445,                 0.9624,                0.99057,                0.98777,                0.95883,                0.49795,                0.15872,                 2.2582,                0.26672,                0.91075,              0.0032843,              0.0032843,              0.0032843
                      2,                0.51562,                0.10211,                 1.0092,                0.35781,                0.99619,                0.96779,                 0.9717,                0.98665,                0.88913,                0.95701,                0.99371,                0.98664,                0.95397,                0.50308,                0.15774,                 1.7572,                0.26332,                0.90873,              0.0065779,              0.0065779,              0.0065779
                      3,                0.53485,                0.09826,                 1.0186,                0.37421,                0.99722,                0.97467,                0.96797,                0.98712,                0.88392,                0.96702,                0.97799,                0.98711,                0.95486,                0.48871,                0.15399,                  1.596,                0.26318,                0.89683,              0.0098316,              0.0098316,              0.0098316
                      4,                0.54902,                 0.1007,                 1.0384,                 0.3819,                 1.0109,                0.95697,                0.97911,                0.98571,                0.87617,                0.94834,                0.98134,                 0.9851,                0.95464,                0.53487,                0.15794,                 1.4653,                0.28148,                0.91383,                0.00982,                0.00982,                0.00982
                      5,                0.55389,                0.09675,                 0.9816,                0.38587,                 1.0069,                0.96872,                0.97383,                0.98763,                0.87136,                0.96559,                0.97073,                0.98687,                0.94216,                0.52363,                0.17875,                  1.387,                0.29114,                0.91487,                0.00976,                0.00976,                0.00976
                      6,                0.56427,                0.10721,                 1.0538,                0.39285,                 1.0155,                0.96033,                0.98972,                0.98556,                0.89206,                0.95728,                0.98658,                0.98464,                0.94572,                 0.4949,                0.17822,                 1.7586,                0.27739,                0.89796,                 0.0097,                 0.0097,                 0.0097
                      7,                0.55628,                0.10077,                 1.0008,                0.38772,                 1.0124,                0.96519,                0.97484,                0.98481,                0.88852,                0.96519,                0.97484,                0.98364,                0.95573,                0.51345,                0.16637,                 1.6059,                0.28926,                0.89658,                0.00964,                0.00964,                0.00964
                      8,                0.55142,                0.09521,                0.96099,                0.38391,                  1.012,                0.96569,                0.97374,                0.98877,                0.89499,                0.96881,                0.97689,                0.98884,                0.95637,                0.51355,                0.16798,                 1.6552,                0.28377,                0.90204,                0.00958,                0.00958,                0.00958
                      9,                0.56906,                0.10545,                  1.012,                0.39468,                  1.009,                0.97394,                0.92767,                 0.9648,                0.82252,                0.96629,                0.93082,                0.96362,                0.92282,                0.58392,                0.20295,                 1.6484,                0.41433,                0.97024,                0.00952,                0.00952,                0.00952
                     10,                 0.5489,                0.09354,                0.94628,                0.38352,                  1.007,                0.97458,                0.98113,                0.98233,                0.85975,                0.97146,                0.97799,                0.98154,                0.94117,                0.54285,                0.19069,                   1.87,                0.42828,                 0.9227,                0.00946,                0.00946,                0.00946
                     11,                0.53783,                0.08479,                0.92501,                0.37385,                 1.0037,                0.96102,                0.97799,                0.98674,                0.88565,                0.95793,                0.97484,                0.98603,                0.95125,                0.48481,                0.16388,                 1.6298,                0.28187,                0.87582,                 0.0094,                 0.0094,                 0.0094
                     12,                0.54863,                0.09715,                 0.9765,                 0.3797,                 0.9952,                0.97514,                0.98668,                0.99268,                0.91193,                0.97203,                0.98354,                0.99223,                0.96478,                0.49611,                 0.1602,                 1.5999,                 0.2529,                0.89937,                0.00934,                0.00934,                0.00934
                     13,                0.56627,                0.09482,                  0.969,                0.39501,                 1.0125,                0.97763,                 0.9717,                0.98568,                0.88269,                0.97446,                0.96855,                0.98496,                0.95575,                0.48483,                 0.1482,                 1.2909,                0.34156,                0.88896,                0.00928,                0.00928,                0.00928
                     14,                0.53704,                0.08628,                0.92007,                 0.3724,                 1.0113,                0.97512,                0.98601,                0.98819,                0.86333,                0.97201,                0.98287,                 0.9859,                0.94706,                0.54417,                0.18187,                 1.4834,                0.35599,                0.92026,                0.00922,                0.00922,                0.00922
                     15,                0.53646,                0.08937,                0.87213,                0.37412,                0.99639,                0.97247,                0.96855,                0.98965,                0.88115,                0.96931,                0.96541,                0.98659,                0.95141,                0.52856,                0.17423,                 1.6094,                0.28048,                0.90916,                0.00916,                0.00916,                0.00916
                     16,                0.55129,                0.09907,                0.95833,                0.38452,                 1.0048,                0.97452,                0.96855,                0.98768,                0.87188,                0.97136,                0.96541,                0.98678,                 0.9447,                0.54296,                0.18763,                 2.0609,                 0.2904,                0.91797,                 0.0091,                 0.0091,                 0.0091
                     17,                0.54936,                0.09011,                0.96592,                0.38648,                 1.0026,                0.96304,                0.98317,                0.98992,                0.89275,                0.96602,                0.98329,                0.98941,                0.95931,                0.48606,                0.15361,                  1.808,                0.27482,                0.87785,                0.00904,                0.00904,                0.00904
                     18,                0.54172,                0.08765,                0.91222,                0.37972,                 1.0041,                 0.9778,                0.96965,                 0.9896,                0.88174,                0.97463,                 0.9665,                0.98904,                0.95312,                0.51309,                0.16455,                 1.8646,                 0.2796,                0.90942,                0.00898,                0.00898,                0.00898
                     19,                0.53618,                0.07856,                 0.8777,                0.37518,                 1.0111,                0.97085,                 0.9717,                0.98314,                0.88041,                0.96384,                0.96541,                0.98102,                0.93811,                0.47853,                 0.1931,                  1.873,                0.31739,                0.88777,                0.00892,                0.00892,                0.00892
                     20,                0.55705,                0.10015,                0.96054,                0.38732,                0.99996,                0.93176,                0.94464,                0.97474,                0.83189,                0.94727,                0.96036,                0.97982,                0.93253,                0.63075,                0.23797,                 1.8196,                0.37565,                0.96144,                0.00886,                0.00886,                0.00886
                     21,                0.54299,                0.09281,                    0.9,                0.37907,                 1.0018,                 0.9837,                0.94892,                0.97466,                0.84445,                0.98044,                0.94577,                0.97569,                0.93021,                 0.5866,                0.20462,                 2.1014,                0.37381,                0.93318,                 0.0088,                 0.0088,                 0.0088
                     22,                0.54079,                0.08825,                0.86834,                0.37878,                0.99843,                 0.9747,                0.96905,                0.98309,                0.87764,                0.97153,                 0.9659,                0.98077,                0.93424,                0.49919,                0.19647,                 1.7799,                0.32995,                0.88894,                0.00874,                0.00874,                0.00874
                     23,                0.53487,                0.08632,                0.90771,                0.37569,                 1.0012,                0.97788,                0.97328,                0.99129,                0.89363,                0.97185,                0.97705,                0.99063,                0.95747,                0.50091,                0.17017,                 1.5416,                0.26301,                0.89925,                0.00868,                0.00868,                0.00868
                     24,                0.53548,                0.08565,                0.86267,                0.37784,                 1.0023,                0.96874,                0.97446,                0.98428,                0.89353,                0.96249,                0.96817,                0.98181,                0.94394,                0.51012,                0.21406,                 1.7433,                0.30267,                0.89605,                0.00862,                0.00862,                0.00862
                     25,                0.53367,                0.08465,                 0.8696,                0.37434,                0.99937,                0.95707,                0.98147,                0.98927,                0.88521,                0.95404,                0.98113,                0.98534,                0.94518,                0.50893,                0.19537,                 1.6204,                0.28424,                0.89892,                0.00856,                0.00856,                0.00856
                     26,                 0.5208,                0.07488,                0.81773,                0.36411,                 1.0006,                0.96272,                0.97442,                0.98988,                0.87864,                0.96272,                0.97442,                 0.9896,                0.95699,                0.51692,                0.16183,                 1.5835,                0.28737,                0.90944,                 0.0085,                 0.0085,                 0.0085
                     27,                0.54778,                0.08902,                0.92371,                0.38007,                0.99693,                0.96897,                0.96541,                0.97958,                0.85707,                0.96897,                0.96541,                0.97706,                0.93492,                0.55399,                0.19502,                 1.7231,                0.36677,                0.91602,                0.00844,                0.00844,                0.00844
                     28,                0.53099,                0.08044,                0.85792,                0.36833,                 1.0015,                0.97522,                0.99014,                 0.9908,                0.90781,                0.97212,                0.98699,                 0.9903,                0.96006,                0.49126,                0.15396,                 1.9539,                0.24797,                0.88965,                0.00838,                0.00838,                0.00838
                     29,                0.52908,                0.08216,                0.83585,                0.37236,                0.99176,                0.96634,                0.99293,                0.99115,                0.90269,                0.96327,                0.98978,                0.99057,                 0.9573,                0.47219,                0.15789,                 1.5053,                0.24721,                0.88914,                0.00832,                0.00832,                0.00832
                     30,                0.53976,                0.08598,                 0.8684,                0.37611,                0.99641,                 0.9722,                0.98984,                 0.9912,                0.90458,                0.96911,                 0.9867,                0.99066,                0.95906,                0.47584,                0.16036,                 1.8606,                0.26049,                0.87867,                0.00826,                0.00826,                0.00826
                     31,                0.54252,                0.09003,                0.90147,                0.38045,                0.99544,                0.96915,                0.98742,                0.98899,                0.90175,                0.96606,                0.98428,                0.98911,                0.95605,                 0.4785,                0.16623,                  2.006,                0.25543,                 0.8832,                 0.0082,                 0.0082,                 0.0082
                     32,                0.53141,                0.08064,                0.86663,                0.37014,                0.99508,                0.97515,                0.98737,                0.98753,                0.89549,                0.96623,                0.98988,                0.98702,                0.95084,                0.48385,                0.18195,                  1.971,                0.25983,                0.88568,                0.00814,                0.00814,                0.00814
                     33,                0.52721,                0.08313,                 0.7915,                0.37003,                 1.0028,                0.96226,                0.99371,                 0.9911,                0.90072,                0.95922,                0.99057,                0.99045,                0.96048,                0.49436,                0.16356,                 2.0097,                0.25796,                0.89559,                0.00808,                0.00808,                0.00808
                     34,                0.52661,                0.08243,                0.83712,                0.36664,                0.99579,                0.96361,                0.99371,                0.99133,                0.91337,                0.96319,                0.98747,                0.99077,                0.96104,                0.47827,                0.17106,                 2.1747,                0.25235,                0.88462,                0.00802,                0.00802,                0.00802
                     35,                0.53004,                0.08219,                0.82841,                0.36765,                  1.002,                0.96632,                0.99238,                0.99027,                0.90641,                0.96632,                0.99238,                0.98934,                0.95732,                0.49453,                0.16085,                 1.8985,                0.26374,                0.88455,                0.00796,                0.00796,                0.00796
                     36,                 0.5251,                0.08443,                 0.8411,                0.37099,                0.99322,                 0.9753,                0.99338,                0.99076,                0.91132,                0.97221,                0.99023,                0.99026,                 0.9562,                0.49157,                0.18747,                 1.6329,                0.26268,                0.88476,                 0.0079,                 0.0079,                 0.0079
                     37,                  0.533,                0.08146,                0.84114,                0.37345,                0.99943,                0.97528,                0.97799,                0.99071,                0.90573,                0.97215,                0.97484,                0.99015,                0.96039,                0.48821,                  0.169,                 1.7272,                0.25516,                0.89284,                0.00784,                0.00784,                0.00784
                     38,                0.53531,                0.08779,                 0.8738,                0.37759,                 0.9931,                 0.9686,                0.99057,                0.98875,                0.89059,                 0.9686,                0.99057,                0.98833,                0.95239,                0.50152,                0.16509,                  1.978,                0.27317,                0.88695,                0.00778,                0.00778,                0.00778
                     39,                 0.5236,                0.08245,                0.82027,                0.36646,                0.99565,                 0.9778,                0.96957,                   0.99,                0.88452,                0.97237,                 0.9717,                0.99007,                0.95717,                0.50299,                0.15093,                 1.8106,                0.26773,                0.90166,                0.00772,                0.00772,                0.00772
                     40,                0.52501,                0.07966,                 0.8257,                0.36719,                0.98761,                0.96883,                0.99057,                 0.9925,                0.90532,                0.96328,                0.99057,                0.99207,                0.95545,                 0.4868,                0.16852,                  1.849,                0.24645,                0.88973,                0.00766,                0.00766,                0.00766
                     41,                0.52421,                0.08361,                0.84162,                0.37004,                0.98946,                0.97141,                0.99057,                0.98906,                0.88733,                0.96832,                0.98742,                0.98763,                0.95326,                0.50199,                0.17087,                 1.8517,                0.27007,                0.89463,                 0.0076,                 0.0076,                 0.0076
                     42,                0.52532,                0.07747,                0.83486,                0.36528,                0.99724,                0.96325,                0.98906,                0.99027,                0.89944,                0.96634,                0.99312,                0.98981,                0.95835,                0.50739,                0.16219,                 1.4938,                0.25887,                0.89386,                0.00754,                0.00754,                0.00754
                     43,                0.52153,                0.08103,                0.78984,                0.36724,                0.99324,                0.96245,                0.96725,                0.97704,                 0.8653,                0.95933,                 0.9642,                 0.9755,                0.93746,                0.52474,                0.17694,                 2.5555,                0.32474,                0.89855,                0.00748,                0.00748,                0.00748
                     44,                0.51702,                0.07935,                0.79898,                0.36576,                0.99378,                 0.9654,                0.98113,                0.99148,                0.88779,                0.97064,                0.97799,                0.99085,                0.95167,                0.50875,                0.18243,                 2.0386,                0.27939,                0.89363,                0.00742,                0.00742,                0.00742
                     45,                0.52493,                0.08106,                0.80852,                0.36746,                0.99479,                0.97803,                0.97996,                0.98987,                 0.9067,                0.97489,                0.97682,                0.98925,                0.96512,                0.48109,                0.15682,                 1.8671,                 0.2589,                0.88217,                0.00736,                0.00736,                0.00736
                     46,                 0.5197,                0.08329,                0.83051,                0.36398,                0.99013,                0.97791,                0.97448,                0.98944,                0.88134,                0.97488,                0.97624,                0.98892,                0.95343,                 0.5003,                0.17002,                 1.6487,                0.27659,                0.90489,                 0.0073,                 0.0073,                 0.0073
                     47,                0.52427,                0.08165,                 0.8012,                0.37138,                0.99266,                0.98059,                0.98113,                0.99169,                0.89946,                0.96924,                0.98428,                0.99136,                0.95058,                0.49692,                0.19953,                 1.4686,                0.26073,                0.89169,                0.00724,                0.00724,                0.00724
                     48,                0.52202,                0.07958,                0.81269,                0.36721,                0.99783,                0.97213,                 0.9873,                0.99157,                0.90904,                0.96904,                0.98415,                0.99086,                0.96032,                0.46554,                0.15681,                 2.1996,                0.24241,                0.87725,                0.00718,                0.00718,                0.00718
                     49,                0.51558,                0.07849,                0.80032,                0.36242,                0.99481,                0.96571,                0.97431,                0.98699,                 0.8884,                0.96886,                0.97836,                0.98743,                0.96057,                0.49531,                0.15929,                 1.9761,                0.27065,                0.88637,                0.00712,                0.00712,                0.00712
                     50,                0.51086,                 0.0749,                0.75476,                0.35969,                  0.993,                0.96936,                0.98742,                0.99138,                 0.9136,                0.96714,                0.98428,                0.99048,                0.96614,                0.47387,                0.15992,                 1.7199,                0.23983,                0.88212,                0.00706,                0.00706,                0.00706
                     51,                0.52036,                 0.0792,                0.79778,                0.36404,                0.98669,                0.97684,                0.97799,                0.98731,                0.90117,                0.97491,                0.97745,                0.98637,                0.95256,                0.47637,                0.15983,                 1.8343,                0.25886,                0.88505,                  0.007,                  0.007,                  0.007
                     52,                0.51472,                0.08135,                0.80208,                0.36158,                0.98202,                0.97818,                0.98685,                0.99243,                0.91484,                0.97506,                0.98371,                0.99142,                 0.9662,                0.47046,                 0.1604,                 1.8447,                0.23943,                 0.8762,                0.00694,                0.00694,                0.00694
                     53,                0.51937,                0.08435,                 0.7814,                0.36692,                0.99036,                0.97833,                0.99363,                0.99295,                0.90704,                0.97527,                0.99225,                0.99198,                0.95671,                0.47424,                0.17814,                 1.8496,                0.23576,                0.88385,                0.00688,                0.00688,                0.00688
                     54,                0.50363,                 0.0697,                0.73323,                0.35423,                0.98612,                0.98106,                 0.9775,                0.99168,                0.90959,                0.97202,                0.98323,                0.99094,                0.96054,                0.47959,                0.17065,                 2.0198,                0.24632,                0.89113,                0.00682,                0.00682,                0.00682
                     55,                0.51033,                0.07258,                 0.7561,                0.35984,                0.99715,                0.96642,                0.99561,                 0.9909,                0.91694,                0.96337,                0.99246,                0.99002,                0.96483,                0.47328,                0.15248,                 1.8486,                0.23804,                 0.8786,                0.00676,                0.00676,                0.00676
                     56,                0.50756,                0.07613,                0.79517,                0.35885,                 0.9802,                 0.9751,                0.99686,                0.99167,                0.89537,                0.97118,                0.99371,                0.99127,                0.96186,                0.51138,                0.14728,                 2.2018,                0.25048,                  0.906,                 0.0067,                 0.0067,                 0.0067
                     57,                0.50312,                0.07219,                 0.7975,                0.35366,                0.98672,                 0.9718,                0.97543,                0.99051,                0.92061,                0.96436,                0.98428,                0.98988,                0.96154,                0.45964,                 0.1482,                  1.845,                0.25756,                0.87291,                0.00664,                0.00664,                0.00664
                     58,                0.50544,                0.07027,                0.71677,                0.35692,                0.97828,                0.97796,                 0.9769,                0.98856,                0.88367,                0.97482,                0.97376,                0.98382,                0.94069,                0.49815,                0.17757,                  1.764,                0.28002,                0.90021,                0.00658,                0.00658,                0.00658
                     59,                0.51635,                0.07333,                0.76478,                0.36639,                0.99073,                0.97196,                0.98105,                0.99105,                0.91806,                0.96884,                 0.9779,                0.99067,                0.96464,                0.47438,                0.14711,                 2.1855,                0.24574,                0.87964,                0.00652,                0.00652,                0.00652
                     60,                0.49462,                0.06914,                0.73825,                 0.3492,                0.99199,                0.97034,                0.97799,                0.99093,                0.89523,                0.96722,                0.97484,                0.99002,                 0.9626,                0.48069,                0.13367,                 2.0915,                0.26741,                0.89827,                0.00646,                0.00646,                0.00646
                     61,                0.50166,                0.06882,                0.73204,                0.35301,                 0.9845,                0.96921,                0.99002,                0.99161,                0.90919,                0.96614,                0.98692,                0.99124,                0.96701,                0.47352,                0.13245,                 2.0609,                0.25799,                0.87541,                 0.0064,                 0.0064,                 0.0064
                     62,                0.50681,                0.07771,                0.77246,                0.35706,                0.97718,                0.96823,                0.98742,                0.99222,                0.91984,                0.96823,                0.98742,                0.99188,                0.96475,                0.45248,                0.14312,                 1.9989,                 0.2352,                 0.8718,                0.00634,                0.00634,                0.00634
                     63,                0.50902,                0.08056,                0.78253,                0.36031,                0.98675,                0.97212,                0.98679,                0.99162,                0.90963,                0.97212,                0.98679,                0.99109,                0.96477,                0.48295,                0.15027,                 1.9829,                0.24939,                 0.8853,                0.00628,                0.00628,                0.00628
                     64,                0.51182,                0.07842,                0.81505,                0.36089,                0.98027,                0.97717,                 0.9717,                0.98928,                0.90536,                0.97717,                 0.9717,                0.98907,                0.96271,                0.49276,                0.14802,                 1.8859,                0.26034,                0.89587,                0.00622,                0.00622,                0.00622
                     65,                0.50893,                0.07568,                0.75768,                0.35826,                0.97662,                0.97127,                0.98742,                0.99147,                0.90285,                0.96913,                0.98713,                  0.991,                 0.9644,                0.47385,                0.12969,                 1.7345,                0.24847,                0.89046,                0.00616,                0.00616,                0.00616
                     66,                0.49424,                 0.0665,                0.68664,                0.34699,                0.98039,                0.97314,                0.98428,                0.99155,                0.91434,                0.97003,                0.98113,                 0.9911,                 0.9666,                0.47484,                0.13647,                 2.0179,                0.25275,                0.88009,                 0.0061,                 0.0061,                 0.0061
                     67,                0.49778,                0.07023,                 0.6969,                 0.3521,                0.97398,                 0.9779,                0.97415,                0.98988,                0.90617,                0.96733,                0.98742,                0.98966,                0.96379,                0.47199,                0.13149,                 1.8809,                0.24615,                0.88039,                0.00604,                0.00604,                0.00604
                     68,                0.50714,                0.07556,                0.74669,                0.35591,                0.98423,                0.97475,                0.98113,                0.98918,                0.89034,                0.97505,                0.98311,                0.99004,                0.95996,                0.48398,                0.13588,                 1.7421,                0.27153,                0.88885,                0.00598,                0.00598,                0.00598
                     69,                0.50169,                0.07183,                0.73364,                0.35296,                0.98284,                0.97211,                0.98664,                0.98967,                0.91521,                0.97211,                0.98664,                0.98941,                0.96621,                0.46726,                0.13582,                  2.091,                0.24546,                0.87935,                0.00592,                0.00592,                0.00592
                     70,                0.50657,                 0.0748,                0.76562,                0.35904,                 0.9815,                 0.9722,                0.98992,                0.99067,                 0.9171,                0.97161,                0.99371,                0.99031,                0.96289,                0.46475,                0.16216,                 2.1713,                 0.2396,                0.87827,                0.00586,                0.00586,                0.00586
                     71,                0.49553,                 0.0661,                0.68121,                 0.3489,                0.97498,                0.98121,                0.98554,                0.99116,                0.90648,                0.97809,                0.98245,                0.99044,                0.96875,                0.48545,                0.13819,                 1.9106,                0.24729,                0.88876,                 0.0058,                 0.0058,                 0.0058
                     72,                0.48567,                0.06506,                0.68096,                0.33747,                0.97606,                0.97205,                0.98427,                0.99083,                 0.9111,                0.97205,                0.98427,                0.99047,                0.96353,                0.48152,                0.12888,                 1.6986,                 0.2418,                0.88725,                0.00574,                0.00574,                0.00574
                     73,                0.50263,                0.06901,                0.71653,                 0.3537,                0.98086,                0.96927,                0.99175,                0.99027,                0.91771,                0.96619,                 0.9886,                0.98983,                0.96911,                0.45827,                0.12595,                 1.8765,                0.23527,                0.88272,                0.00568,                0.00568,                0.00568
                     74,                0.48784,                0.06584,                0.67814,                0.34439,                0.97714,                0.97418,                0.99686,                0.99029,                0.91917,                0.97111,                0.99371,                0.98981,                0.96568,                0.46344,                0.13639,                 2.1469,                0.23427,                0.87938,                0.00562,                0.00562,                0.00562
                     75,                0.49565,                0.07187,                0.76367,                0.35103,                0.97876,                0.97383,                0.99057,                0.99017,                0.91776,                0.97074,                0.98742,                0.98981,                0.96199,                0.46662,                0.14669,                 2.0046,                0.24324,                0.88554,                0.00556,                0.00556,                0.00556
                     76,                0.49521,                0.06506,                0.66612,                0.34874,                0.97521,                0.97477,                0.99057,                0.98962,                0.91484,                0.96858,                0.98428,                0.98867,                0.95956,                0.47104,                 0.1669,                 2.2134,                 0.2465,                0.88645,                 0.0055,                 0.0055,                 0.0055
                     77,                0.48025,                0.06388,                0.68331,                 0.3385,                  0.983,                0.97215,                0.98777,                0.99009,                 0.9205,                0.96905,                0.98462,                0.98947,                0.95958,                0.45706,                0.14914,                  2.141,                0.24173,                0.87034,                0.00544,                0.00544,                0.00544
                     78,                0.47782,                0.06087,                0.67089,                0.33858,                0.97712,                0.97193,                0.98428,                0.99039,                0.92008,                0.97078,                0.98428,                0.99031,                0.96648,                0.46089,                0.13898,                 2.0024,                0.23372,                0.87993,                0.00538,                0.00538,                0.00538
                     79,                 0.4906,                0.06797,                0.69554,                0.34663,                 0.9726,                0.97251,                0.99686,                0.99071,                0.91246,                0.96931,                0.99371,                0.99036,                0.95801,                0.45101,                0.17356,                  1.958,                0.22808,                0.87596,                0.00532,                0.00532,                0.00532
                     80,                 0.4837,                0.06782,                0.68147,                0.34352,                0.98519,                0.97408,                0.98742,                 0.9911,                0.91113,                0.97098,                0.98428,                 0.9908,                0.96137,                0.47363,                0.14338,                 2.0141,                0.23566,                0.88909,                0.00526,                0.00526,                0.00526
                     81,                 0.4872,                0.06762,                0.70383,                0.34547,                0.97948,                0.97808,                0.98428,                0.99164,                0.91262,                0.97495,                0.98113,                0.99123,                 0.9609,                0.46536,                0.15135,                 2.1465,                0.23998,                 0.8807,                 0.0052,                 0.0052,                 0.0052
                     82,                0.47873,                0.05924,                0.62801,                0.33786,                0.97192,                0.96831,                0.98742,                0.99126,                0.92175,                0.96523,                0.98428,                0.99051,                 0.9637,                0.46216,                0.14312,                 2.0765,                0.24337,                0.88209,                0.00514,                0.00514,                0.00514
                     83,                0.48678,                 0.0693,                0.70609,                0.34384,                0.97393,                0.97204,                0.98387,                0.99015,                0.91952,                0.97204,                0.98387,                0.98978,                0.96269,                0.45189,                0.14263,                 1.9452,                0.23556,                0.87389,                0.00508,                0.00508,                0.00508
                     84,                0.47642,                0.06186,                0.63297,                0.33459,                0.97785,                0.96869,                0.99057,                0.99081,                0.91776,                0.96561,                0.98742,                0.98998,                0.95783,                0.46976,                 0.1625,                 1.9706,                0.24989,                0.88436,                0.00502,                0.00502,                0.00502
                     85,                0.47483,                0.06446,                 0.6833,                0.33538,                0.98014,                0.96594,                0.98093,                0.98863,                0.89527,                0.96903,                0.98407,                0.98971,                0.95935,                0.47811,                0.15069,                 2.0032,                0.26079,                0.88949,                0.00496,                0.00496,                0.00496
                     86,                0.47526,                0.06363,                0.67214,                0.33327,                0.97349,                0.96844,                0.98742,                0.99092,                0.91971,                0.96536,                0.98428,                0.99025,                0.95762,                0.45549,                 0.1591,                 2.1374,                0.23999,                0.87776,                 0.0049,                 0.0049,                 0.0049
                     87,                0.47974,                0.06207,                0.64462,                0.33938,                0.98121,                0.97078,                0.98113,                0.99154,                0.92034,                0.97078,                0.98113,                0.99103,                0.96182,                0.47419,                0.16477,                 2.1194,                0.23954,                 0.8903,                0.00484,                0.00484,                0.00484
                     88,                0.48726,                0.06221,                0.67542,                0.34432,                0.97272,                0.97213,                0.98722,                0.99041,                 0.9198,                0.96904,                0.98422,                0.98994,                0.96186,                0.46486,                0.15304,                 2.1611,                0.23599,                0.88637,                0.00478,                0.00478,                0.00478
                     89,                0.46319,                 0.0568,                0.60639,                0.32843,                0.97684,                0.96929,                0.99246,                0.99033,                0.91683,                0.96622,                0.98931,                 0.9899,                0.95986,                0.46952,                0.16666,                  2.221,                 0.2386,                0.89506,                0.00472,                0.00472,                0.00472
                     90,                0.47164,                 0.0604,                 0.6172,                0.33475,                0.97709,                0.97204,                0.98407,                0.99048,                0.91843,                0.97066,                0.98113,                0.98993,                0.96661,                0.46871,                0.13705,                 2.1823,                0.24205,                0.88685,                0.00466,                0.00466,                0.00466
                     91,                 0.4767,                0.06314,                0.63636,                0.33658,                 0.9765,                0.96902,                0.98358,                0.99003,                0.91974,                0.96592,                0.98043,                0.98954,                0.96347,                0.46174,                0.15268,                 2.2929,                0.24362,                0.88011,                 0.0046,                 0.0046,                 0.0046
                     92,                0.47768,                0.06112,                0.63002,                0.33546,                0.97347,                0.97038,                0.99371,                0.98909,                0.92027,                0.96731,                0.99057,                0.98948,                0.96374,                0.44985,                0.15824,                 2.2093,                0.23539,                0.87523,                0.00454,                0.00454,                0.00454
                     93,                0.48532,                0.07135,                0.66379,                0.34458,                0.96626,                0.96808,                0.99371,                0.98864,                0.92152,                0.96502,                0.99057,                0.98883,                0.96126,                0.44743,                0.15268,                 2.0752,                0.23772,                0.86998,                0.00448,                0.00448,                0.00448
                     94,                0.48073,                0.06547,                0.67925,                0.34348,                0.97554,                0.97147,                0.99371,                0.98842,                0.91593,                0.96914,                0.98758,                0.98808,                0.95907,                0.46348,                0.15707,                 2.1975,                0.24094,                0.87657,                0.00442,                0.00442,                0.00442
                     95,                0.46843,                0.06252,                0.59878,                0.32973,                0.97081,                0.97496,                0.97951,                 0.9901,                0.92189,                0.96633,                0.99265,                0.98973,                0.96281,                 0.4651,                0.15012,                  2.315,                0.23579,                0.88477,                0.00436,                0.00436,                0.00436
                     96,                0.49714,                0.07286,                0.67983,                0.34905,                0.97013,                0.97212,                0.98673,                0.98879,                0.91795,                0.97212,                0.98673,                0.98855,                0.96425,                0.46153,                 0.1516,                 2.4232,                0.24367,                0.87711,                 0.0043,                 0.0043,                 0.0043
                     97,                  0.461,                0.05557,                0.60017,                0.32842,                 0.9667,                0.96932,                0.99361,                0.99082,                0.91701,                0.96625,                0.99046,                0.99042,                0.96248,                0.46742,                0.15653,                 2.2609,                0.23899,                0.87907,                0.00424,                0.00424,                0.00424
                     98,                0.47594,                0.06611,                0.62518,                0.33286,                0.97117,                0.97223,                 0.9909,                0.99023,                0.92384,                0.96915,                0.98776,                0.98996,                0.96329,                0.44728,                 0.1543,                 2.2292,                0.23709,                0.87175,                0.00418,                0.00418,                0.00418
                     99,                0.48144,                0.06484,                0.63614,                0.33882,                0.97598,                0.97131,                0.98742,                0.98848,                0.92107,                0.96856,                0.98742,                0.98817,                 0.9612,                0.45092,                0.14515,                 2.3319,                 0.2428,                0.87311,                0.00412,                0.00412,                0.00412
                    100,                0.47106,                0.06004,                0.62381,                 0.3342,                0.98406,                 0.9723,                0.99346,                0.99135,                0.92448,                0.96922,                0.99031,                0.99098,                0.96845,                0.45019,                 0.1292,                 2.2671,                0.23206,                0.87369,                0.00406,                0.00406,                0.00406
                    101,                0.49055,                0.07185,                0.66708,                0.34659,                0.97608,                0.97216,                0.98838,                0.98879,                0.92053,                0.97216,                0.98838,                0.98888,                0.96574,                0.45714,                0.13252,                 2.0799,                0.23995,                0.88034,                  0.004,                  0.004,                  0.004
                    102,                0.46747,                0.05822,                0.57691,                0.33039,                0.96571,                0.97214,                0.99371,                0.98828,                0.91816,                0.96901,                0.99057,                0.98856,                0.96443,                0.44935,                0.13037,                 2.2218,                0.24059,                0.87698,                0.00394,                0.00394,                0.00394
                    103,                0.46977,                0.05676,                0.60338,                0.33045,                0.97315,                0.96932,                0.99338,                 0.9871,                0.91852,                0.96625,                0.99024,                0.98743,                0.96176,                0.45636,                0.13743,                 1.9751,                0.24315,                0.88055,                0.00388,                0.00388,                0.00388
                    104,                0.46348,                0.05698,                 0.6172,                0.32688,                0.96705,                0.96983,                0.98742,                0.98735,                 0.9193,                0.96674,                0.98428,                0.98745,                0.96383,                0.45437,                0.13452,                 2.0698,                0.24149,                0.87617,                0.00382,                0.00382,                0.00382
                    105,                 0.4589,                0.05791,                0.63054,                 0.3234,                0.96901,                0.96623,                 0.9897,                0.98949,                0.92073,                0.96623,                 0.9897,                0.98943,                0.96393,                0.45449,                0.13769,                  2.206,                0.23855,                0.87277,                0.00376,                0.00376,                0.00376
                    106,                0.46236,                0.06068,                0.61257,                0.32976,                0.97017,                 0.9722,                0.99371,                 0.9883,                0.92104,                0.96912,                0.99057,                0.98837,                0.96153,                0.45898,                0.13788,                  2.362,                 0.2408,                0.87532,                 0.0037,                 0.0037,                 0.0037
                    107,                0.46508,                0.05899,                0.58659,                0.32748,                0.96496,                0.97166,                0.99057,                0.99005,                0.92528,                0.97166,                0.99057,                0.98976,                0.96622,                0.45051,                0.13434,                 2.1652,                0.23246,                0.87483,                0.00364,                0.00364,                0.00364
                    108,                0.46462,                0.06454,                0.60021,                0.33051,                0.96217,                0.97523,                0.99059,                0.98958,                0.92524,                0.97214,                0.98745,                0.98932,                0.96582,                0.44711,                0.13144,                 2.1508,                0.23501,                0.87177,                0.00358,                0.00358,                0.00358
                    109,                0.45364,                0.05721,                0.56651,                0.32284,                0.95957,                0.97211,                0.98651,                0.98957,                0.92389,                0.97188,                0.99057,                0.98949,                0.96154,                0.44916,                0.14699,                 2.2954,                0.23394,                 0.8785,                0.00352,                0.00352,                0.00352
                    110,                0.46112,                0.05868,                0.60054,                0.32539,                0.96469,                0.96911,                 0.9865,                 0.9902,                0.92491,                0.96602,                0.98335,                0.98976,                0.96409,                0.44943,                0.14562,                 2.0251,                0.23215,                 0.8793,                0.00346,                0.00346,                0.00346
                    111,                0.45197,                0.05258,                0.53242,                0.32267,                0.96235,                0.98127,                0.98871,                 0.9904,                0.92855,                0.97815,                0.98557,                 0.9899,                0.96529,                0.44019,                0.14316,                 2.2866,                0.23056,                 0.8683,                 0.0034,                 0.0034,                 0.0034
                    112,                0.46403,                0.05598,                0.57271,                0.32574,                0.96368,                0.97911,                0.98742,                0.99008,                0.92491,                0.97592,                0.98428,                0.98986,                0.96398,                0.45319,                0.14684,                 2.2879,                 0.2345,                0.87615,                0.00334,                0.00334,                0.00334
                    113,                0.46186,                 0.0611,                0.57394,                0.32639,                0.96631,                0.97819,                0.98723,                0.98949,                0.92521,                0.97507,                0.98409,                0.98949,                 0.9622,                0.45433,                0.15097,                 2.2693,                0.23371,                0.88116,                0.00328,                0.00328,                0.00328
                    114,                0.45345,                0.05665,                0.56347,                0.32248,                0.96845,                0.97823,                0.98916,                 0.9893,                0.92484,                0.97512,                0.98602,                0.98953,                0.96472,                0.44995,                0.15157,                 2.2531,                0.23733,                0.88038,                0.00322,                0.00322,                0.00322
                    115,                0.46096,                0.05477,                 0.5877,                0.32478,                0.96277,                0.97818,                0.98673,                0.99029,                0.92602,                0.97506,                0.98363,                0.99003,                0.96538,                0.44618,                0.15195,                 2.2441,                0.23289,                0.87575,                0.00316,                0.00316,                0.00316
                    116,                0.45205,                0.05372,                0.55166,                0.32184,                 0.9659,                0.97187,                0.99057,                0.98975,                0.92786,                0.96876,                0.98742,                0.98934,                0.96168,                0.43995,                0.15542,                 2.2043,                 0.2332,                0.87368,                 0.0031,                 0.0031,                 0.0031
                    117,                0.45813,                0.05484,                0.58677,                0.32296,                0.96128,                0.96622,                0.98929,                0.99006,                0.92817,                0.96008,                0.98307,                0.98906,                0.96109,                0.44325,                0.16171,                 2.2519,                0.23804,                0.87402,                0.00304,                0.00304,                0.00304
                    118,                0.45569,                0.05989,                0.57837,                0.32219,                0.95957,                0.96844,                0.99057,                0.99037,                0.92762,                0.96537,                0.98742,                   0.99,                0.96334,                0.44385,                0.15372,                 2.0766,                0.23415,                0.87547,                0.00298,                0.00298,                0.00298
                    119,                0.44571,                 0.0482,                0.53309,                 0.3159,                0.96389,                0.97161,                0.99057,                 0.9894,                0.92431,                0.96852,                0.98742,                0.98883,                0.96411,                0.44866,                0.14185,                 2.1549,                 0.2443,                0.87261,                0.00292,                0.00292,                0.00292
                    120,                0.44586,                0.05208,                0.54626,                0.31598,                0.95844,                0.97144,                0.98742,                0.98937,                0.92704,                0.96834,                0.98428,                0.98869,                0.96441,                0.44992,                0.13891,                 2.1572,                0.24108,                0.87432,                0.00286,                0.00286,                0.00286
                    121,                 0.4422,                0.04894,                 0.5044,                0.31297,                0.95912,                0.97205,                0.98415,                0.98852,                0.92321,                0.96894,                0.98101,                0.98796,                 0.9631,                0.44573,                0.14726,                 2.1968,                0.24209,                0.87124,                 0.0028,                 0.0028,                 0.0028
                    122,                0.45597,                0.05544,                0.57578,                0.32029,                0.95955,                0.97277,                0.98428,                0.99068,                0.92696,                0.96966,                0.98113,                0.99034,                0.96334,                0.44264,                 0.1444,                  2.238,                0.23366,                0.87161,                0.00274,                0.00274,                0.00274
                    123,                0.45505,                0.05865,                0.56449,                0.32334,                 0.9594,                0.97207,                 0.9851,                 0.9905,                0.92761,                0.96897,                0.98195,                0.99012,                0.96173,                0.44229,                0.14833,                 2.2658,                0.23324,                0.87096,                0.00268,                0.00268,                0.00268
                    124,                0.43438,                0.04835,                0.51503,                0.30913,                0.95565,                0.97209,                0.98582,                0.98992,                0.92931,                0.96899,                0.98268,                 0.9893,                0.96363,                0.43921,                0.14699,                 2.4211,                 0.2349,                0.86873,                0.00262,                0.00262,                0.00262
                    125,                0.45005,                0.05356,                0.54685,                0.32201,                0.96922,                 0.9703,                0.99057,                0.98938,                0.92747,                0.96722,                0.98742,                0.98871,                0.96377,                0.44615,                0.14618,                 2.3729,                0.24141,                 0.8716,                0.00256,                0.00256,                0.00256
                    126,                0.45501,                0.05814,                0.55209,                0.32343,                 0.9642,                0.96767,                0.99057,                 0.9899,                0.92712,                0.96459,                0.98742,                 0.9893,                0.96462,                0.45085,                0.14252,                  2.353,                 0.2374,                0.87661,                 0.0025,                 0.0025,                 0.0025
                    127,                 0.4386,                0.05138,                 0.5321,                0.31016,                0.95803,                0.97007,                0.98742,                 0.9893,                0.92218,                0.96698,                0.98428,                0.98902,                0.96671,                 0.4514,                0.13927,                 2.3577,                0.23595,                 0.8777,                0.00244,                0.00244,                0.00244
                    128,                0.44043,                0.05079,                0.54229,                0.31513,                 0.9599,                 0.9693,                0.99284,                0.98924,                0.92383,                0.96623,                 0.9897,                0.98922,                0.96498,                0.45461,                 0.1415,                 2.2397,                0.24146,                 0.8805,                0.00238,                0.00238,                0.00238
                    129,                0.43737,                0.05005,                0.48802,                0.30949,                0.96374,                0.96929,                0.99255,                 0.9895,                0.92597,                0.96622,                0.98941,                0.98949,                0.96782,                 0.4542,                0.13839,                 2.1649,                0.24269,                0.87789,                0.00232,                0.00232,                0.00232
                    130,                0.45494,                0.06169,                0.57458,                0.32513,                0.95983,                0.96834,                0.99057,                0.98985,                0.92667,                0.96526,                0.98742,                0.98955,                0.96627,                0.45319,                0.14083,                 2.1941,                0.24227,                0.87509,                0.00226,                0.00226,                0.00226
                    131,                0.43118,                0.04278,                  0.479,                0.30655,                0.95839,                0.97094,                0.98742,                0.98947,                 0.9263,                0.96785,                0.98428,                0.98918,                0.96612,                0.45256,                0.14259,                 2.1894,                0.24466,                0.87684,                 0.0022,                 0.0022,                 0.0022
                    132,                0.44895,                0.05672,                0.56487,                0.31608,                0.95774,                0.97213,                0.98719,                0.98971,                0.92473,                0.96903,                0.98408,                0.98926,                0.96178,                0.45243,                0.14854,                 2.2285,                0.24493,                0.87842,                0.00214,                0.00214,                0.00214
                    133,                0.43246,                0.04892,                0.49376,                 0.3074,                0.95373,                0.97078,                0.98742,                0.98974,                0.92402,                0.96769,                0.98428,                0.98943,                 0.9623,                0.45115,                0.15341,                 2.2258,                0.24347,                0.87864,                0.00208,                0.00208,                0.00208
                    134,                0.45081,                0.05666,                0.54374,                 0.3187,                0.95268,                0.97209,                0.98589,                0.98963,                0.92429,                0.96899,                0.98274,                0.98933,                0.96461,                0.45622,                0.14951,                 2.1704,                0.24394,                0.88139,                0.00202,                0.00202,                0.00202
                    135,                0.43345,                0.05133,                0.49169,                0.30977,                0.96572,                0.96886,                0.99057,                0.98946,                0.92472,                0.96578,                0.98742,                0.98912,                0.96489,                0.45237,                 0.1452,                 2.1812,                0.24334,                0.87665,                0.00196,                0.00196,                0.00196
                    136,                0.43821,                0.05208,                0.50924,                  0.309,                0.95446,                0.96916,                0.98806,                0.98967,                0.92386,                0.96608,                0.98513,                0.98935,                0.96556,                0.45173,                0.14167,                 2.1894,                0.24213,                0.87545,                 0.0019,                 0.0019,                 0.0019
                    137,                0.43036,                0.05105,                0.49363,                0.30758,                0.96012,                0.97328,                0.98428,                 0.9891,                0.92574,                0.97017,                0.98113,                0.98877,                 0.9639,                0.45301,                0.14059,                 2.1591,                 0.2465,                0.87515,                0.00184,                0.00184,                0.00184
                    138,                0.42572,                0.04674,                0.44758,                  0.306,                0.95161,                0.97318,                0.98113,                0.98938,                 0.9264,                0.96999,                0.97799,                0.98899,                0.96285,                0.45029,                0.14304,                 2.1632,                0.24614,                0.87611,                0.00178,                0.00178,                0.00178
                    139,                 0.4349,                0.05348,                0.52569,                0.30895,                0.95661,                0.96912,                0.98701,                0.98971,                0.92743,                0.96604,                0.98387,                0.98929,                0.96206,                0.45122,                0.14703,                 2.1671,                 0.2412,                0.87749,                0.00172,                0.00172,                0.00172
                    140,                0.43678,                0.05518,                0.49641,                0.31101,                0.95064,                0.96913,                 0.9873,                0.99015,                0.92655,                0.96605,                 0.9842,                0.98968,                 0.9614,                0.45349,                0.14836,                 2.1668,                0.23886,                0.87919,                0.00166,                0.00166,                0.00166
                    141,                0.42535,                0.04402,                0.43656,                0.29943,                0.96156,                0.96919,                 0.9891,                0.99002,                0.92763,                0.96611,                0.98595,                 0.9894,                0.96221,                0.45126,                0.14872,                 2.1816,                0.23921,                0.87748,                 0.0016,                 0.0016,                 0.0016
                    142,                0.44249,                0.05417,                0.49787,                0.31622,                0.95821,                0.96922,                0.99029,                0.98967,                0.92624,                0.96614,                0.98714,                0.98904,                0.96271,                0.45111,                0.15023,                 2.2197,                0.24005,                0.87607,                0.00154,                0.00154,                0.00154
                    143,                0.42066,                0.04518,                0.46566,                0.30078,                0.95653,                0.96752,                0.99057,                0.98913,                0.92441,                0.96444,                0.98742,                0.98841,                0.96157,                0.45053,                0.15402,                 2.3234,                0.24079,                0.87394,                0.00148,                0.00148,                0.00148
                    144,                0.42213,                0.04632,                0.47083,                0.30043,                0.95239,                0.96801,                0.99057,                0.98921,                 0.9229,                0.96494,                0.98742,                0.98845,                 0.9596,                0.44904,                0.15284,                 2.3156,                0.24105,                0.87379,                0.00142,                0.00142,                0.00142
                    145,                0.44064,                0.05324,                 0.5233,                0.31616,                0.95397,                0.96807,                0.99057,                0.98951,                0.92569,                  0.965,                0.98742,                0.98863,                0.96106,                0.44648,                0.15098,                  2.257,                0.24184,                  0.874,                0.00136,                0.00136,                0.00136
                    146,                0.43028,                0.05031,                0.50315,                0.30592,                 0.9539,                0.96825,                0.99057,                0.98973,                 0.9269,                0.96518,                0.98742,                0.98881,                 0.9619,                0.44735,                0.15174,                 2.2353,                0.24414,                0.87386,                 0.0013,                 0.0013,                 0.0013
                    147,                0.42273,                0.04885,                0.44477,                0.30102,                0.95453,                0.96922,                0.99015,                0.99028,                0.92798,                0.96614,                  0.987,                0.98943,                0.96329,                0.44594,                0.15318,                 2.1776,                0.24059,                0.87419,                0.00124,                0.00124,                0.00124
                    148,                0.42383,                0.04717,                0.44864,                0.30189,                0.95222,                0.96874,                0.99057,                0.99041,                0.92837,                0.96567,                0.98742,                0.98955,                0.96234,                0.44613,                0.15376,                 2.2361,                0.24043,                0.87566,                0.00118,                0.00118,                0.00118
                    149,                0.42273,                0.04953,                0.48253,                0.30344,                0.95434,                0.96917,                0.98845,                0.99036,                0.92692,                0.96608,                0.98531,                0.98956,                 0.9634,                0.44871,                0.15477,                 2.2797,                0.24212,                0.87793,                0.00112,                0.00112,                0.00112
                    150,                0.42991,                0.05381,                0.49235,                0.30826,                0.95407,                0.96903,                0.98407,                0.99022,                0.92615,                0.96594,                0.98092,                0.98937,                0.96318,                0.44666,                0.15195,                 2.3243,                 0.2415,                0.87635,                0.00106,                0.00106,                0.00106
